t,x,y,z,intensity
4,11923.158203125,12993.0419921875,-562.828491210938,2324.82080078125
4,12441.083984375,14229.6435546875,-697.658935546875,2975.65405273438
5,11802.669921875,13148.1171875,-670.518798828125,3189.89892578125
5,12225.005859375,13556.513671875,-667.177856445312,2710.04516601562
5,12891.869140625,14141.4345703125,-81.7952880859375,588.638610839844
6,11759.0732421875,13215.041015625,-618.737670898438,2114.1005859375
6,12213.2431640625,14209.654296875,-64.9189453125,996.547241210938
7,11938.42578125,13115.9580078125,-370.09814453125,935.523742675781
7,12622.4501953125,13869.1845703125,-662.393920898438,3131.068359375
8,11897.705078125,13177.478515625,-691.114501953125,2626.07690429688
8,12472.5927734375,13985.1455078125,-620.166625976562,2765.73950195312
8,12548.8359375,14354.69921875,-810.386962890625,5937.4140625
9,11649.873046875,13233.71875,-707.773803710938,2704.08056640625
9,12525.1943359375,14043.896484375,-677.717041015625,2894.51708984375
10,11862.841796875,12840.134765625,3.0130615234375,637.673583984375
10,12458.904296875,14074.21875,-567.714477539062,2182.62377929688
11,11860.9375,12918.1640625,100.6923828125,554.79736328125
11,12550.703125,14249.189453125,-711.204711914062,3076.650390625
11,14546.138671875,15282.294921875,-242.044677734375,512.484313964844
12,12632.1953125,13858.333984375,-706.466430664062,3775.0703125
13,12356.666015625,13984.27734375,-284.399169921875,1204.27844238281
14,11957.3583984375,13121.9521484375,-471.664642333984,1383.31091308594
15,11883.1005859375,12825.59375,-277.650146484375,1051.73693847656
15,12157.537109375,13880.955078125,-475.431640625,1539.22570800781
15,12770.6552734375,14363.416015625,978.481811523438,3629.5830078125
16,11689.4453125,13152.474609375,-711.029663085938,3015.52563476562
16,12411.341796875,13873.755859375,-718.279174804688,3163.12890625
16,12843.591796875,14090.7958984375,-93.9893798828125,587.766174316406
17,11851.3232421875,13067.396484375,-471.15966796875,1597.08166503906
17,12285.84765625,14197.1083984375,-187.384765625,875.493041992188
17,12277.1865234375,14186.111328125,-305.887939453125,1303.19177246094
17,12408.857421875,14067.896484375,-798.4833984375,4449.51123046875
17,12912.06640625,13858.6826171875,-809.519653320312,4859.41552734375
18,11908.51953125,13189.5205078125,-610.876953125,1614.95129394531
18,12393.5556640625,14131.205078125,-629.584594726562,2045.93054199219
18,12415.578125,13925.8642578125,-549.333862304688,1679.99145507812
18,14706.611328125,15315.3203125,-135.884399414062,838.853088378906
19,12305.61328125,13720.203125,-462.960693359375,1351.28308105469
19,12502.052734375,14089.345703125,-565.66455078125,2558.99560546875
20,11942.171875,13014.896484375,-449.765869140625,1737.90515136719
20,12322.939453125,14028.6025390625,-72.61669921875,869.471374511719
21,11921.9375,12792.7001953125,-139.221923828125,1197.06103515625
21,12180.84375,14130.1171875,-212.10400390625,958.402587890625
21,12431.142578125,14228.109375,-774.871704101562,3207.556640625
21,12477.6572265625,14097.5634765625,-693.785522460938,2696.0234375
22,11834.9521484375,12753.0361328125,-191.506225585938,1043.10095214844
22,12291.5048828125,14145.9169921875,-497.389739990234,1674.33898925781
22,12225.95703125,10221.775390625,-176.319213867188,595.406005859375
23,12320.783203125,13997.888671875,-554.911743164062,2091.9814453125
23,12542.701171875,14206.443359375,-715.226806640625,2785.783203125
23,14429.11328125,14851.029296875,-691.231567382812,1366.43762207031
24,12578.494140625,14284.666015625,-686.722900390625,3020.18041992188
24,12545.8056640625,14009.564453125,-494.923583984375,1691.04895019531
25,12562.521484375,14120.927734375,-571.988159179688,2233.01489257812
26,11936.2451171875,13037.8564453125,-439.528411865234,1203.30737304688
26,12385.162109375,14071.8056640625,-378.306884765625,1261.86730957031
27,11833.4189453125,12636.3583984375,-84.4591064453125,580.841125488281
27,12502.4658203125,14312.1875,-743.3046875,3110.0693359375
28,12327.935546875,14124.265625,-225.203735351562,1072.31164550781
29,12336.8369140625,14063.619140625,-532.1513671875,2341.35864257812
29,12345.2353515625,14144.6201171875,-464.030517578125,1466.88232421875
30,12002.3681640625,13264.287109375,-427.963775634766,923.592956542969
31,11796.7177734375,13689.234375,-884.76025390625,6599.95263671875
31,12326.6123046875,13971.265625,-440.2265625,1236.38464355469
31,12335.4189453125,14158.51953125,-591.6748046875,1738.36657714844
32,12271.716796875,14116.693359375,-565.37890625,2443.46850585938
32,12296.849609375,14161.822265625,-558.817138671875,2050.92114257812
34,12416.3671875,14129.4638671875,-566.845581054688,2547.5625
35,11964.3212890625,13095.8583984375,-433.765716552734,879.330810546875
35,12393.2822265625,14170.7626953125,-67.93896484375,939.514831542969
36,11819.533203125,12937.822265625,-451.46630859375,1140.52514648438
36,12610.1669921875,14040.390625,-364.218505859375,1233.71655273438
37,12346.3359375,14084.6640625,-85.36376953125,948.586242675781
37,12381.041015625,14171.611328125,-419.293701171875,1491.19604492188
38,11913.50390625,13279.154296875,-668.984741210938,1719.224609375
38,12406.7001953125,14082.326171875,-355.775512695312,1467.60534667969
38,12411.982421875,14065.0478515625,-369.53564453125,1645.15209960938
39,11883.7978515625,13356.6015625,-742.130249023438,2034.14721679688
39,12395.884765625,14062.9970703125,-461.787506103516,1290.84387207031
39,12435.228515625,13904.015625,-574.26611328125,2270.9873046875
40,11906.9912109375,12676.216796875,66.2227783203125,564.097412109375
40,12491.7431640625,13287.6669921875,-793.126586914062,8749.828125
41,11851.845703125,13179.54296875,-550.696166992188,1336.7685546875
41,12528.1357421875,14291.939453125,-540.05224609375,1901.82629394531
42,12357.599609375,14117.7978515625,-364.967895507812,1322.57470703125
43,11795.04296875,13283.291015625,-667.830932617188,2207.96630859375
43,12262.525390625,14372.291015625,-355.504638671875,1246.83532714844
43,12293.8681640625,14264.79296875,-369.40087890625,1457.23107910156
44,11790.078125,12945.658203125,-326.221801757812,802.499877929688
44,12338.720703125,14205.603515625,12.5520629882812,797.121032714844
45,12300.0966796875,14066.3857421875,-475.50537109375,1327.94995117188
47,12303.009765625,14100.427734375,-369.632202148438,1321.98217773438
47,12292.2412109375,14098.2578125,-289.891845703125,1043.78015136719
48,12402.486328125,14292.80078125,-571.038452148438,2001.8681640625
48,12450.8349609375,13899.392578125,-613.009887695312,2666.796875
49,12404.4287109375,14179.3505859375,-585.38037109375,1610.64379882812
50,11938.5556640625,13015.830078125,-366.559204101562,830.278991699219
50,12199.12890625,14188.345703125,171.592834472656,630.080200195312
50,12298.380859375,14210.890625,-811.8388671875,4909.63671875
51,12186.7470703125,14076.171875,-249.045288085938,983.236877441406
52,12159.4921875,14143.2763671875,-180.3984375,789.197265625
53,12380.5703125,13953.064453125,-350.53271484375,1422.82189941406
54,12291.97265625,14111.470703125,-388.259155273438,1498.75988769531
54,12311.421875,14066.845703125,-427.43212890625,1630.33471679688
55,12338.912109375,13981.197265625,-362.640747070312,1277.48059082031
56,12495.20703125,14239.58203125,-367.92529296875,1030.03564453125
56,12504.626953125,14216.0068359375,-382.120483398438,1214.18603515625
57,12184.4287109375,13890.1865234375,-427.579193115234,1269.6669921875
57,12348.78125,13953.474609375,-580.343383789062,2076.98901367188
59,12411.1083984375,14214.7353515625,-184.9423828125,915.496215820312
61,11967.7001953125,13259.30859375,-575.633056640625,1329.74157714844
61,12370.6103515625,14180.2197265625,-379.506713867188,1529.53088378906
61,12450.740234375,14002.26171875,-521.880249023438,2253.90673828125
62,11630.65625,12869.52734375,-567.342407226562,1249.69409179688
62,12251.8935546875,14193.3095703125,-59.3133544921875,841.061828613281
63,11861.16015625,12928.96875,-242.702758789062,475.830108642578
63,12584.7021484375,13693.4482421875,-723.275268554688,3770.54711914062
64,12407.552734375,14124.0341796875,-119.645874023438,903.504943847656
65,12210.109375,14204.8779296875,-383.23046875,1455.33544921875
65,12217.9052734375,14162.275390625,-368.005981445312,1521.37548828125
66,12524.275390625,14399.138671875,20.2634887695312,682.519287109375
66,12711.0751953125,14115.30078125,-583.55126953125,2230.953125
67,12375.7109375,14269.8427734375,-310.615234375,1205.52478027344
67,12383.4755859375,14239.1513671875,-268.956298828125,1156.01318359375
68,12506.3466796875,14240.15234375,-317.201293945312,1009.47314453125
68,12509.36328125,14234.3349609375,-325.925659179688,1214.97436523438
69,12402.466796875,13934.8837890625,-573.253784179688,1664.88818359375
70,12258.884765625,14254.8935546875,-387.076782226562,1184.50341796875
71,12235.51171875,14097.94140625,177.017150878906,712.664001464844
71,12423.2529296875,13986.443359375,-569.605102539062,2139.63037109375
72,12400.775390625,14064.03515625,-393.339599609375,1376.73693847656
73,12358.22265625,14246.939453125,120.278747558594,731.184753417969
73,12606.0732421875,13975.1318359375,-704.609252929688,2828.92944335938
74,12281.966796875,14092.048828125,-236.589965820312,1054.97265625
74,12433.44921875,13916.2685546875,-567.590454101562,2790.0595703125
75,12377.283203125,9059.318359375,-105.450805664062,417.440032958984
77,12671.630859375,14378.537109375,987.405944824219,3428.61767578125
78,12366.208984375,14119.0810546875,-523.941284179688,1668.35302734375
79,11511.1669921875,12728.982421875,-677.578125,1407.19458007812
79,12286.4052734375,14175.5712890625,-276.911743164062,997.228454589844
80,12134.48828125,14071.6953125,-72.0235595703125,702.4423828125
81,12378.375,14112.119140625,-566.51171875,1651.44555664062
82,12333.6328125,14065.4052734375,-491.322174072266,1457.91345214844
83,12363.87890625,14206.896484375,-540.944091796875,1934.49572753906
83,12516.1767578125,13954.560546875,-568.071655273438,2936.27856445312
86,12160.45703125,14045.470703125,-255.537841796875,621.269287109375
87,12817.419921875,14274.677734375,87.235107421875,551.497619628906
87,12539.869140625,14281.8544921875,-583.181762695312,1662.2939453125
88,12335.61328125,14161.87109375,-57.501220703125,668.319030761719
88,12398.3056640625,13798.896484375,-516.091064453125,1817.36108398438
89,12290.1376953125,14184.4619140625,-416.208984375,1011.89459228516
90,12389.1708984375,14063.712890625,-175.5859375,677.274536132812
91,12401.65625,14167.46875,-349.8330078125,913.227294921875
95,12319.927734375,14125.474609375,-461.065673828125,1322.51782226562
96,12333.353515625,14157.384765625,-484.647705078125,1717.03454589844
96,12340.357421875,14106.705078125,-473.900299072266,1768.77722167969
97,12182.669921875,14040.0478515625,-312.793823242188,1071.49426269531
98,11780.8515625,12828.8203125,-446.7783203125,843.989868164062
98,12366.013671875,10577.8798828125,-240.61279296875,486.865936279297
99,12599.9111328125,14357.169921875,984.695129394531,3529.76904296875
100,12372.71484375,14083.12109375,-438.667236328125,1386.21520996094
101,12283.123046875,14127.1171875,-139.429077148438,811.261596679688
101,12959.21875,14098.37890625,-674.396728515625,2788.63354492188
102,12332.326171875,14168.7158203125,-344.212646484375,997.768310546875
103,12215.046875,14138.3740234375,-65.842041015625,704.119201660156
104,12393.314453125,14245.623046875,-236.37109375,800.584533691406
105,12527.201171875,14167.013671875,-459.079193115234,1337.80505371094
106,12338.916015625,14105.2490234375,-144.789672851562,662.183898925781
107,12495.328125,14451.052734375,-590.623901367188,1952.3828125
107,12586.2314453125,14220.5322265625,-351.530395507812,1174.62780761719
107,13131.939453125,14509.6484375,-856.904113769531,4664.4150390625
108,12609.705078125,14205.2158203125,-286.500122070312,886.999084472656
109,12419.2919921875,14175.5849609375,-495.199127197266,1445.04638671875
110,12472.537109375,14092.1591796875,-476.295989990234,1166.76184082031
111,12399.5126953125,13918.0859375,-601.073608398438,1864.13635253906
112,12002.087890625,13341.390625,-511.8837890625,1108.02856445312
112,12387.8203125,14109.6689453125,-671.57666015625,2466.86108398438
112,12731.318359375,14369.7158203125,-184.701293945312,819.628295898438
113,12735.9765625,14410.0673828125,-95.7396240234375,708.315490722656
114,12473.201171875,14207.20703125,-458.942474365234,1383.15698242188
114,12487.68359375,14174.521484375,-464.369873046875,1494.9384765625
114,12577.865234375,13960.853515625,-683.593627929688,3145.267578125
115,12561.53515625,14266.9287109375,-456.18701171875,1517.25524902344
115,12594.9375,14240.34765625,-448.617095947266,1415.529296875
116,12363.099609375,14271.3779296875,-380.50341796875,1252.94714355469
117,12309.0830078125,14195.15625,-75.7120361328125,721.101135253906
118,12478.0908203125,14234.892578125,-515.381225585938,1316.08801269531
119,12361.962890625,14332.8994140625,8.45745849609375,805.466430664062
122,12555.5654296875,13942.337890625,-676.736694335938,2895.599609375
124,12783.5302734375,14427.3828125,-99.4239501953125,577.283325195312
125,12470.8251953125,14578.0966796875,-816.322265625,3638.11547851562
125,12878.1103515625,14608.8232421875,61.597412109375,512.874877929688
126,12731.7333984375,13965.759765625,-715.9599609375,2830.123046875
127,12247.5048828125,14068.91015625,-149.502075195312,721.915649414062
127,12494.8125,13891.09375,-716.349487304688,2829.82153320312
128,12272.3125,13745.1328125,-454.7080078125,920.279235839844
128,12373.548828125,14255.080078125,-361.087890625,1331.26477050781
131,12429.234375,14198.892578125,-394.14697265625,1322.3369140625
132,12523.4873046875,14286.822265625,-383.311157226562,1236.10168457031
133,12463.2919921875,14177.228515625,-188.326416015625,756.710083007812
134,12396.4306640625,14309.083984375,-77.2657470703125,615.436157226562
135,11880.2197265625,13271.0009765625,-733.049560546875,1974.96813964844
137,12656.0986328125,14113.087890625,-502.7958984375,1295.06616210938
138,12561.3466796875,14425.701171875,-304.56201171875,1021.73815917969
139,11015.259765625,12194.6865234375,-444.695068359375,753.65771484375
139,12613.4609375,14456.091796875,-545.518798828125,1347.83276367188
140,11792.974609375,13178.0361328125,-858.120727539062,3567.19165039062
141,12426.88671875,14134.3173828125,-277.42236328125,1217.21398925781
142,11993.9169921875,12789.08203125,-349.69873046875,726.50341796875
142,12502.294921875,14154.4033203125,-293.431762695312,1019.57501220703
143,12499.5029296875,13983.33203125,-546.449951171875,2043.78405761719
144,12248.759765625,14070.404296875,-273.952270507812,799.13525390625
145,12544.111328125,14310.1416015625,-43.129638671875,556.152893066406
146,12414.9912109375,14203.56640625,770.713073730469,1824.783203125
147,12375.083984375,14174.8720703125,-141.07861328125,600.369934082031
150,11939.162109375,12748.7109375,-280.54833984375,646.655883789062
150,12333.9638671875,14025.990234375,-364.27490234375,1066.99145507812
151,12342.98828125,14268.7021484375,-396.94873046875,954.169494628906
153,11926.759765625,13055.796875,-243.1259765625,511.723083496094
153,12526.48828125,14110.755859375,-411.864654541016,1320.57641601562
156,12365.537109375,14090.677734375,-459.594329833984,1013.56689453125
159,12408.818359375,14050.1669921875,175.348205566406,553.717407226562
160,12520.7216796875,14203.19921875,-250.407592773438,888.025146484375
161,12452.2080078125,14218.1494140625,-166.473510742188,895.280212402344
162,12160.0546875,13017.51953125,-497.597412109375,875.032531738281
162,12163.1875,13028.298828125,-558.390380859375,1246.02758789062
162,12612.7685546875,14290.3701171875,762.376220703125,1819.71911621094
163,11893.8759765625,12877.8515625,-138.0419921875,480.450286865234
163,12364.9228515625,14235.681640625,-332.896606445312,1280.46813964844
163,12366.31640625,14257.783203125,-300.037475585938,1000.41314697266
164,11809.70703125,13279.38671875,-901.112121582031,7017.470703125
164,12367.54296875,14230.1904296875,-264.760986328125,1046.31091308594
165,11913.0478515625,12894.6142578125,-359.292358398438,870.295715332031
165,12371.4990234375,14099.1220703125,-143.622680664062,521.480224609375
166,11971.728515625,13044.08984375,-225.771484375,650.329528808594
166,12568.63671875,14303.880859375,855.533569335938,1606.18395996094
167,12443.337890625,14100.119140625,-393.74609375,1053.83544921875
168,12283.7783203125,14175.0966796875,-299.242797851562,924.685913085938
169,12627.3447265625,14118.7109375,-450.49560546875,1034.16174316406
170,11996.9228515625,12795.6044921875,-158.178344726562,501.903045654297
170,12567.3388671875,14229.28515625,806.816955566406,1827.54357910156
173,11880.2265625,13193.6708984375,-628.655639648438,1514.90002441406
173,12481.36328125,14055.9951171875,-446.689697265625,1020.37701416016
175,12591.765625,14176.1513671875,-367.04150390625,1276.17797851562
176,12507.638671875,14221.6259765625,-454.89599609375,1662.39196777344
177,12358.5537109375,14388.1748046875,-232.246704101562,981.157775878906
178,12632.4404296875,14295.2265625,-364.623901367188,1109.43518066406
178,12635.94140625,14257.115234375,-380.754760742188,1314.25402832031
179,12588.275390625,14297.0458984375,-328.863159179688,797.723999023438
180,11998.0810546875,13260.912109375,-567.317016601562,1143.91394042969
180,12654.349609375,14249.3447265625,-381.407958984375,1211.60131835938
181,12570.9873046875,14184.4453125,-411.702728271484,1172.58068847656
182,11904.5595703125,13225.359375,-583.359008789062,1146.92614746094
182,12696.962890625,14275.796875,-351.277709960938,1147.41967773438
183,12511.009765625,14177.8037109375,-460.718658447266,1349.49462890625
184,12714.572265625,14389.4140625,-250.9111328125,740.746765136719
186,12370.6337890625,14093.6484375,-158.492797851562,605.56982421875
187,11912.5400390625,12934.1513671875,-136.725219726562,459.292144775391
187,12544.5126953125,14215.017578125,-284.253784179688,803.204223632812
188,12679.080078125,13950.953125,-610.504028320312,1783.31384277344
189,12247.103515625,14295.642578125,-452.780181884766,1043.97302246094
189,12020.6591796875,12743.9248046875,-103.485595703125,410.601898193359
189,12270.3505859375,14238.6962890625,-466.583404541016,1140.09594726562
190,12572.404296875,14088.462890625,-436.719635009766,1098.02917480469
191,12326.5537109375,14017.8125,-516.142822265625,1534.99633789062
192,12436.44140625,14143.3408203125,-383.635375976562,1215.595703125
193,12515.83984375,13948.60546875,-345.320068359375,1072.52026367188
193,12518.3017578125,13950.1083984375,-339.1103515625,1043.41784667969
194,11928.2568359375,12973.5654296875,-32.4942626953125,408.998168945312
194,12551.8671875,14379.384765625,-59.15966796875,517.395690917969
196,12443.6533203125,14071.9384765625,-243.931762695312,836.174926757812
198,12453.7705078125,14344.4052734375,-88.915771484375,482.426300048828
199,12389.33203125,14165.9921875,-324.063110351562,757.721862792969
201,12413.10546875,14195.689453125,-352.579467773438,1087.31665039062
202,12617.91015625,14326.6552734375,-377.428344726562,776.373657226562
203,12410.501953125,14298.525390625,-311.292358398438,1139.89221191406
207,12508.88671875,13812.0458984375,-733.256958007812,2049.40258789062
208,12134.16796875,8661.84375,-374.856201171875,597.905090332031
208,12558.3994140625,14146.974609375,-470.032470703125,1033.83972167969
208,12576.1318359375,14213.380859375,-455.024017333984,799.273742675781
209,12566.12109375,14492.4365234375,-85.429443359375,647.247924804688
210,12459.337890625,14281.759765625,-280.772338867188,922.678588867188
210,12676.2548828125,14422.94921875,-709.619873046875,1810.3017578125
211,12509.8681640625,14002.580078125,-393.27734375,1146.66235351562
213,12407.740234375,14343.09375,-134.296997070312,579.778930664062
214,12481.76953125,14066.0048828125,-390.154296875,883.28955078125
217,12400.904296875,14038.0283203125,-470.231353759766,1495.82800292969
219,12456.833984375,13966.220703125,-554.6376953125,2062.20556640625
220,12537.037109375,14244.849609375,-146.340454101562,599.857299804688
221,12446.705078125,14018.169921875,-529.30810546875,1397.63439941406
222,12549.1611328125,14355.5966796875,-164.244018554688,831.136596679688
223,12326.1015625,14292.0849609375,-74.46337890625,824.706726074219
225,12486.064453125,13868.7705078125,-468.871673583984,1467.82434082031
226,12457.2373046875,14198.9794921875,-184.589111328125,814.978820800781
226,12446.7080078125,14206.607421875,-248.52099609375,1049.36462402344
227,12355.580078125,13674.5947265625,-449.826171875,1043.40258789062
227,12449.9404296875,14193.2607421875,-269.932861328125,804.663391113281
227,12453.880859375,14210.2431640625,-300.140869140625,1020.76770019531
228,12428.470703125,13984.0380859375,-385.217163085938,1258.853515625
229,12357.865234375,13800.6337890625,-446.533111572266,1081.06274414062
229,12455.529296875,13991.7431640625,-396.2578125,1051.40686035156
230,12441.69140625,13851.7578125,-421.59912109375,1395.423828125
230,12471.5966796875,13916.36328125,-479.252044677734,1537.62268066406
231,12409.0615234375,14130.9482421875,-381.215209960938,1058.05456542969
232,12640.41796875,14284.484375,-347.237426757812,858.428588867188
235,12578.8818359375,13921.7724609375,-578.910278320312,1672.80786132812
237,12704.1494140625,13804.1845703125,-733.210205078125,2687.01708984375
240,12566.619140625,14103.1923828125,-342.634521484375,1055.23303222656
242,12526.701171875,14452.49609375,919.103393554688,1811.30834960938
245,12520.703125,14231.0400390625,-572.389526367188,1833.81555175781
245,12464.201171875,14029.0625,-365.7119140625,1080.7431640625
246,12438.4716796875,14192.3916015625,-314.6953125,1137.03820800781
247,12417.2177734375,14257.9580078125,82.1106567382812,495.766784667969
248,12360.7021484375,14079.7744140625,-599.723876953125,1739.00451660156
249,12683.2763671875,14079.3662109375,-114.291015625,731.304626464844
250,12459.193359375,13977.2958984375,-592.56591796875,2118.35668945312
251,12560.6923828125,14113.32421875,-447.996337890625,1367.33251953125
253,12524.7646484375,14079.0322265625,-522.84765625,1155.78784179688
255,12418.5341796875,14366.57421875,-241.8701171875,717.955322265625
257,12507.5888671875,14336.412109375,-224.256225585938,655.0966796875
259,12434.21484375,14183.6796875,-375.7080078125,859.928588867188
260,12597.2900390625,14147.9384765625,-241.158813476562,776.556335449219
263,12428.005859375,14242.892578125,-294.114868164062,954.670043945312
264,12650.6005859375,14116.662109375,-411.949951171875,934.975402832031
265,12498.28125,14104.2958984375,-293.975341796875,597.587829589844
266,12589.546875,14199.4140625,-372.895141601562,1048.14636230469
267,12556.458984375,14262.03515625,116.351806640625,639.546813964844
268,12605.455078125,14228.916015625,-385.5380859375,911.717407226562
269,12270.736328125,14227.1171875,-73.2415771484375,612.738830566406
269,12273.2431640625,13594.369140625,-575.644165039062,1228.40026855469
271,12611.046875,14145.6201171875,-194.497436523438,803.216064453125
272,12485.56640625,14332.716796875,-279.059326171875,780.630493164062
274,12511.3203125,14122.7578125,-433.1865234375,1040.71960449219
275,12568.8662109375,14299.712890625,-84.4556884765625,662.428283691406
277,12551.1796875,14135.7109375,-443.955474853516,1393.66442871094
278,12738.896484375,14346.521484375,909.575500488281,1892.38647460938
279,12623.8466796875,14308.146484375,-244.208251953125,846.536010742188
279,12623.548828125,14292.505859375,-242.394409179688,876.648742675781
280,12508.529296875,14129.689453125,-325.461547851562,953.748046875
281,12582.7685546875,13733.3115234375,-494.253814697266,1080.13134765625
281,12609.716796875,14204.994140625,-369.64208984375,1521.70446777344
282,12471.103515625,14053.18359375,-371.766479492188,1096.53637695312
286,12699.0439453125,14295.005859375,-302.092895507812,815.076782226562
287,12671.70703125,14280.158203125,-396.83837890625,1167.72814941406
288,12579.884765625,7549.6083984375,739.570922851562,1008.0048828125
288,12520.3212890625,14385.4775390625,-74.69775390625,527.190307617188
289,12670.71484375,14184.5029296875,-320.301635742188,892.130310058594
290,12503,13986.001953125,-526.062744140625,2038.6943359375
292,12437.8701171875,14214.5400390625,-405.66162109375,1032.57287597656
293,12456.482421875,14110.400390625,-300.204711914062,1036.05773925781
295,12644.28515625,14491.404296875,-171.796997070312,699.966552734375
296,12392.640625,14319.08984375,-407.085083007812,906.558715820312
297,12527.140625,14292.390625,-379.88916015625,913.736999511719
298,12581.0537109375,14255.4697265625,-274.259765625,768.805847167969
299,12512.5546875,14150.658203125,-374.646728515625,983.058959960938
304,12724.1591796875,14443.9052734375,869.574035644531,1869.90710449219
306,12484.32421875,14145.212890625,-159.140014648438,647.797485351562
306,12503.46484375,14172.4375,-228.307006835938,834.665466308594
308,12388.376953125,13679.9599609375,-604.507568359375,1998.86730957031
309,12376.763671875,14171.1865234375,-363.077758789062,1082.57275390625
309,12369.078125,14213.841796875,-259.925903320312,807.173706054688
311,12441.21875,14189.431640625,-270.241821289062,858.895385742188
312,12368.09765625,14122.865234375,-449.848236083984,1096.92883300781
313,12638.8486328125,14431.1728515625,985.503723144531,2427.87817382812
314,11522.896484375,12874.3017578125,-278.028564453125,1176.880859375
314,11525.3798828125,12885.47265625,-278.857543945312,1148.81689453125
314,12298.5791015625,14183.837890625,-168.070922851562,472.620697021484
315,12765.6591796875,10703.71875,6.69891357421875,473.287750244141
317,12464.4443359375,14166.1640625,-244.62158203125,650.764831542969
320,12479.3515625,14160.935546875,8.07977294921875,612.925720214844
321,12571.7236328125,8392.0224609375,-204.659545898438,523.130187988281
322,12435.8359375,14268.107421875,-292.777709960938,820.631225585938
324,12536.58203125,14258.9921875,-459.576751708984,827.178161621094
331,12307.7197265625,14215.13671875,-87.2049560546875,635.240661621094
331,12290.6826171875,13469.609375,-516.708740234375,947.231018066406
333,12123.97265625,13091.4697265625,-271.922973632812,864.158203125
333,12410.908203125,14085.91796875,-482.007568359375,1080.93420410156
334,12593.7255859375,14240.42578125,-256.9482421875,688.393493652344
336,12347.9404296875,13511.4794921875,-443.232177734375,856.611450195312
336,12508.283203125,14173.9072265625,-394.819702148438,736.343505859375
337,12548.849609375,14006.8994140625,-379.567504882812,915.559326171875
339,12375.0927734375,13281.03515625,-438.641845703125,724.285522460938
339,12425.65625,14072.916015625,-469.799896240234,1024.42041015625
340,12319.93359375,13372.896484375,-502.201904296875,932.965026855469
340,12349.1298828125,14124.5654296875,-55.48974609375,586.982421875
340,15140.1171875,14921.330078125,83.2935180664062,1196.02563476562
341,12553.025390625,8369.1982421875,-13.4571533203125,436.653289794922
341,12434.9501953125,14004.00390625,-248.636840820312,543.695007324219
341,15055.6982421875,14931.84765625,-493.367767333984,1285.69055175781
341,15028.5751953125,15005.392578125,-512.723876953125,1319.17309570312
343,12359.029296875,13476.2412109375,-511.572357177734,1010.76629638672
344,12235.2255859375,13393.7802734375,-528.685424804688,1241.51245117188
344,14688.30078125,15945.958984375,-479.043060302734,991.785766601562
345,12233.8720703125,13478.884765625,-589.097045898438,1184.09533691406
345,14901.587890625,15427.6748046875,-294.734008789062,859.029541015625
346,14770.9951171875,15163.62109375,-26.933349609375,915.95068359375
347,12503.853515625,14153.029296875,-174.859985351562,599.854553222656
349,12319.0390625,14014.75390625,-309.762329101562,581.936706542969
352,12486.5,14325.484375,-235.272094726562,587.984924316406
353,12299.341796875,13399.6396484375,-387.342041015625,815.731811523438
354,12435.927734375,13912.9990234375,-397.647094726562,1397.94812011719
356,12576.869140625,14518.61328125,12.5830078125,614.712829589844
359,12499.6728515625,14188.25390625,-232.382446289062,714.898254394531
359,12762.345703125,8558.958984375,7.09429931640625,575.514404296875
363,12035.2578125,12112.87109375,-104.119140625,391.819000244141
364,12454.5361328125,13850.6953125,-444.848541259766,1114.46228027344
364,12426.2001953125,13820.9326171875,-364.76123046875,931.880798339844
367,12465.6240234375,14233.671875,-419.842041015625,715.00634765625
372,12253.884765625,14275.30078125,-264.361938476562,562.181030273438
373,12273.5361328125,14015.75,-276.744018554688,764.213562011719
378,12247.55859375,13537.72265625,-638.295654296875,2007.31311035156
383,12429.4912109375,13858.263671875,-585.739379882812,1661.2314453125
383,12404.4189453125,13713.875,-584.120727539062,1384.64611816406
386,12557.1171875,14081.0048828125,-230.315063476562,684.431701660156
393,12449.359375,14164.24609375,-310.199829101562,833.644775390625
394,12395.935546875,14066.0400390625,-474.802978515625,1028.41479492188
395,12325.6396484375,13326.9638671875,-334.588745117188,634.764404296875
395,12399.892578125,13925.814453125,-406.942749023438,950.494018554688
395,12655.041015625,14392.033203125,957.592956542969,2106.9013671875
397,12474.1201171875,14360.4306640625,-158.96435546875,553.08056640625
398,12268.1064453125,13754.6865234375,-529.923095703125,1332.25891113281
399,12407.6220703125,14184.0439453125,-63.444091796875,609.442443847656
403,12425.576171875,14148.87109375,-382.354858398438,1058.24499511719
403,12430.0302734375,14154.3857421875,-367.2021484375,947.742797851562
406,12563.427734375,14326.806640625,-281.713745117188,1005.61956787109
411,12389.1552734375,14255.1552734375,-149.130493164062,607.787719726562
412,12330.787109375,14120.578125,-269.954345703125,512.937561035156
413,12703.82421875,14215.09375,-175.728759765625,543.736633300781
414,12431.80859375,14160.501953125,-566.876098632812,1588.67004394531
416,12486.025390625,14114.9140625,-265.794189453125,659.59765625
417,12539.42578125,14224.38671875,-367.765625,717.292419433594
419,12627.1328125,14461.9873046875,-145.503173828125,575.396850585938
421,12227.58203125,13807.255859375,-453.805084228516,903.698181152344
423,12502.05859375,14092.8212890625,-176.194458007812,585.416076660156
424,12486.564453125,14352.50390625,758.732177734375,1714.65197753906
430,12097.1298828125,12662.6962890625,-272.600219726562,704.432373046875
431,12307.83203125,14026.04296875,-389.239013671875,824.793823242188
432,12458.228515625,14101.7001953125,-297.920043945312,764.127990722656
433,12512.224609375,14245.7919921875,-96.0272216796875,627.195129394531
434,12564.212890625,14254.5615234375,-180.00927734375,577.506469726562
436,12443.4755859375,13796.056640625,-572.188354492188,1570.60290527344
438,12596.876953125,14336.767578125,-259.86376953125,796.425964355469
438,12594.603515625,14317.8310546875,-266.87255859375,903.892883300781
442,10753.96484375,12960.2783203125,-439.98486328125,1277.94091796875
442,10783.634765625,12888.4755859375,-368.557861328125,1024.673828125
442,12403.845703125,7994.22314453125,740.292724609375,959.642822265625
442,12508.486328125,14107.0810546875,-437.3369140625,1151.90490722656
444,12541.904296875,14276.451171875,-375.363403320312,1231.0439453125
447,12792.033203125,14317.42578125,-103.86669921875,497.719024658203
449,12792.34765625,14516.0498046875,11.4480590820312,530.872253417969
450,10727.078125,12973.2421875,-388.122924804688,1003.24664306641
450,10731.46484375,12955.2041015625,-388.121948242188,1075.61572265625
451,11065.8828125,12906.4990234375,-481.725006103516,1308.14501953125
452,11330.75,13047.287109375,-393.36181640625,1339.11499023438
454,12060.890625,13208.46875,-442.882904052734,893.192443847656
454,12444.833984375,14210.490234375,-117.458984375,445.249786376953
455,12425.7412109375,13703.712890625,-590.041381835938,1900.08898925781
460,12447.537109375,14240.6201171875,-276.390625,779.156982421875
461,11194.669921875,13873.1142578125,-240.734985351562,763.205261230469
461,11192.345703125,13849.921875,-238.33984375,801.086486816406
462,12517.2470703125,14222.4921875,-286.684692382812,814.29296875
462,12515.9482421875,14207.34375,-342.89208984375,964.06884765625
463,12532.8046875,14167.00390625,-450.487548828125,1160.34985351562
464,12550.078125,14186.904296875,-249.67578125,855.189819335938
465,12518.3486328125,14025.0185546875,-401.046142578125,875.590148925781
467,11129.8818359375,12952.5703125,-338.766357421875,897.446716308594
467,12619.427734375,14432.59375,783.419067382812,1241.31848144531
468,11163.03515625,12409.55078125,-104.484252929688,397.261901855469
470,12522.4111328125,14241.0166015625,-317.356811523438,638.948181152344
471,10655.3076171875,12941.408203125,-404.12548828125,932.421325683594
474,12385.7412109375,14038.05859375,-401.539428710938,916.251159667969
477,12452.150390625,13864.29296875,-548.263305664062,1643.97631835938
478,12400.251953125,14184.5224609375,-240.050048828125,833.096008300781
479,11747.802734375,13024.1640625,-362.607421875,1003.80303955078
479,12540.484375,14174.958984375,7.0814208984375,519.799560546875
480,12451.599609375,13860.3046875,-338.571411132812,903.956298828125
481,12442.162109375,13626.302734375,-468.618896484375,1288.54614257812
481,12398.4326171875,13351.3583984375,-264.444580078125,931.63427734375
481,12482.0263671875,14058.919921875,-521.28271484375,1525.59558105469
483,10468.2373046875,13099.224609375,-53.560546875,1242.19262695312
483,12827.857421875,14322.3740234375,985.713500976562,2375.29443359375
484,12475.1220703125,14136.802734375,-467.138580322266,1201.24523925781
485,12456.2021484375,14391.943359375,-304.174072265625,768.363952636719
488,12452.2314453125,14113.423828125,-446.726165771484,1137.91882324219
489,12576.07421875,14252.4658203125,-372.337646484375,1063.50158691406
489,12580.404296875,14240.6552734375,-376.1064453125,1191.88903808594
491,12530.455078125,14316.9775390625,-318.443237304688,1514.7431640625
492,12416.6640625,14189.8525390625,-297.324584960938,1002.58740234375
492,14148.345703125,15107.26171875,-90.2127685546875,653.296447753906
493,12471.591796875,14238.9052734375,-288.332153320312,1008.650390625
493,14147.35546875,15792.4306640625,239.35595703125,1035.67395019531
494,12568.83203125,14267.33203125,-291.747680664062,802.991088867188
495,12472.966796875,14289.716796875,-292.212646484375,1052.48474121094
495,12472.12890625,14282.05078125,-333.881225585938,1327.77807617188
496,12543.869140625,14308.1982421875,-241.348022460938,782.549926757812
497,12522.1142578125,14188.7890625,-446.19970703125,1239.66955566406
497,12527.982421875,14195.353515625,-409.163452148438,1038.8154296875
498,12684.1875,14280.20703125,-279.508911132812,816.452026367188
499,12488.6220703125,14176.0390625,170.198669433594,753.587280273438
500,12470.68359375,14577.25,-70.5521240234375,782.372741699219
501,12513.18359375,14234.0380859375,-478.60888671875,1505.81713867188
501,12520.041015625,14277.9248046875,-392.555541992188,1100.50964355469
502,12674.0087890625,14520.939453125,-151.278564453125,895.597534179688
503,12477.1728515625,14304.28125,-196.198608398438,765.965576171875
503,12473.837890625,14290.7724609375,-226.125,913.278930664062
506,12388.6669921875,14330.7216796875,-352.757568359375,1096.99743652344
507,12598.1943359375,14342.953125,-301.078247070312,894.044067382812
508,12549.748046875,14528.6796875,950.860961914062,2875.20361328125
509,12498.9208984375,14282.337890625,-274.722412109375,1164.87109375
510,12488.25,14282.0263671875,-267.756958007812,788.624145507812
510,12485.314453125,14279.53125,-285.4306640625,959.273742675781
512,12539.048828125,14148.69140625,-69.12939453125,553.470397949219
515,12571.1435546875,14215.0537109375,-124.028076171875,538.970336914062
518,12638.22265625,14054.712890625,-456.010650634766,997.22607421875
519,12378.6923828125,14124.1005859375,10.293701171875,612.562683105469
524,12537.7255859375,14197.8818359375,-161.973022460938,647.312072753906
531,12428.046875,14039.22265625,-386.649047851562,908.186157226562
537,12288.875,13678.80078125,-445.092376708984,748.885009765625
556,12340.37109375,14065.837890625,-556.069702148438,1147.3330078125
561,12377.142578125,14118.201171875,-552.862426757812,1433.81945800781
562,12528.08203125,14303.259765625,-164.350341796875,615.832275390625
566,12566.021484375,14320.76171875,-352.051513671875,728.172607421875
582,12586.5185546875,14271.4794921875,-116.991577148438,438.866882324219
585,12280.603515625,14146.751953125,-60.6285400390625,552.044311523438
586,12487.1669921875,14364.341796875,-150.609130859375,627.790466308594
589,12679.30859375,14436.07421875,-101.5126953125,539.649353027344
603,12407.982421875,14217.7333984375,-275.826171875,696.709533691406
604,12499.2470703125,8564.353515625,-170.46337890625,458.626281738281
607,12663.5888671875,14339.5859375,-189.80517578125,439.314147949219
610,12328.482421875,14093.8623046875,-358.423217773438,868.611877441406
617,12333.2431640625,14307.9677734375,-407.594482421875,877.689392089844
618,12504.9462890625,14167.865234375,-332.79248046875,771.4697265625
619,12403.3291015625,14156.93359375,-478.749267578125,1190.82348632812
620,12083.76953125,14202.998046875,-307.19091796875,706.574768066406
629,12324.453125,14266.44921875,-303.521240234375,622.340515136719
634,12339,14046.330078125,-218.649169921875,504.414154052734
641,12458.232421875,14355.48828125,-150.586547851562,515.272338867188
648,12470.06640625,14028.802734375,-345.536987304688,997.108520507812
649,12466.4609375,13973.83984375,-599.054809570312,1851.39624023438
650,12507.3056640625,14302.26953125,-305.27197265625,829.054931640625
651,12170.697265625,13180.3955078125,-892.987915039062,15085.025390625
662,12563.451171875,14136.93359375,-167.253540039062,620.723876953125
663,12439.3447265625,13865.2529296875,-344.040771484375,768.882629394531
664,12704.19140625,14303.5927734375,-158.282958984375,626.602722167969
667,12559.4189453125,14178.005859375,-427.284759521484,836.715026855469
670,12537.33984375,14322.453125,914.352905273438,1820.16833496094
674,12379.748046875,14075.1484375,-309.2548828125,617.167663574219
680,12364.8427734375,14015.646484375,-530.34765625,882.225219726562
686,12295.005859375,13298.017578125,-11.7281494140625,472.215179443359
693,12527.216796875,13978.9609375,-69.334716796875,484.521697998047
696,10935.9677734375,13090.724609375,-44.5816650390625,382.430908203125
698,12418.140625,14020.6826171875,-77.061767578125,462.303039550781
706,12482.595703125,13807.59765625,-207.675048828125,459.763244628906
710,12582.2177734375,14404.361328125,-163.655151367188,413.764007568359
714,12350.0927734375,14321.466796875,-310.080932617188,771.766540527344
722,12298.7939453125,13733.9658203125,-612.00439453125,1594.20983886719
727,12360.6728515625,13218.88671875,-43.4454345703125,440.658813476562
727,12550.4765625,14029.00390625,-621.379516601562,1636.18774414062
729,12336.55859375,13416.5712890625,-368.942749023438,658.557373046875
738,11583.765625,13397.0556640625,-142.336303710938,515.250244140625
740,12389.7509765625,13951.265625,-449.360260009766,883.348266601562
750,12762.015625,13997.767578125,-742.95947265625,2546.24072265625
751,12459.970703125,14313.798828125,-51.2979736328125,460.549377441406
752,12373.7744140625,13947.533203125,-557.705932617188,1397.22912597656
752,12346.912109375,13913.2900390625,-514.495239257812,1129.4794921875
753,12601.119140625,14370.3759765625,-317.654418945312,697.147644042969
754,12336.19140625,13823.26953125,-285.888061523438,625.513671875
757,12586.7109375,14265.2978515625,-362.2412109375,843.809387207031
759,12242.1826171875,14308.9345703125,-55.747802734375,528.633178710938
763,12500.9140625,14249.2392578125,-426.1650390625,994.586853027344
764,12698.3740234375,14326.1083984375,-91.057861328125,639.880310058594
766,12435.5751953125,14078.248046875,-674.275024414062,2269.13012695312
771,12699.3828125,14340.2421875,-426.88427734375,956.015747070312
772,12582.685546875,13948.3681640625,-576.364990234375,1315.29602050781
773,12440.8642578125,14273.85546875,-309.236083984375,777.38330078125
779,12373.39453125,14155.62890625,-259.358032226562,656.247863769531
780,12659.42578125,14388.693359375,-87.1732177734375,500.541534423828
781,12526.1767578125,14066.654296875,-396.901000976562,807.171203613281
782,12541.259765625,14209.64453125,-187.06298828125,628.366271972656
784,12471.98046875,13944.7109375,-272.874755859375,1101.35729980469
787,12490.271484375,14041.3125,-443.195892333984,924.2734375
789,12668.73828125,14451.5283203125,-87.7357177734375,525.330139160156
790,12482.734375,13936.1767578125,-453.357818603516,1056.87561035156
791,12642.2353515625,14342.4326171875,-334.273803710938,843.165283203125
792,12418.2265625,14137.37109375,-317.473876953125,997.076232910156
792,12423.5751953125,14144.314453125,-269.815551757812,857.217041015625
794,12543.810546875,13902.4755859375,-456.691986083984,1207.14575195312
798,12745.490234375,14331.6357421875,-179.805908203125,593.554443359375
810,12747.310546875,14330.837890625,-90.9932861328125,391.280487060547
831,12513.8134765625,13470.0341796875,-111.2509765625,411.369232177734
843,12436.68359375,13943.353515625,-681.901245117188,1698.73120117188
860,12737.31640625,14115.9970703125,-523.02734375,947.145568847656
861,12421.5576171875,13878.59375,-325.35595703125,658.4638671875
869,12623.732421875,14157.9736328125,-492.628021240234,1084.28857421875
872,12573.7607421875,14009.94140625,-458.766204833984,809.438415527344
873,12416.7685546875,14007.1826171875,-285.182983398438,563.065856933594
874,12731.859375,14086.201171875,-104.248168945312,387.372741699219
885,12543.0703125,14014.0732421875,-525.226806640625,1024.74536132812
888,12425.849609375,14157.6083984375,-78.7843017578125,590.71630859375
888,12973.171875,9636.01171875,84.3471069335938,476.924743652344
899,12588.96484375,13958.208984375,-476.733795166016,939.447937011719
899,12559.546875,13982.97265625,-510.046875,1114.41833496094
904,12489.2001953125,13829.978515625,-382.658569335938,857.350524902344
908,12506.259765625,14080.41015625,-496.063568115234,1026.25476074219
926,12375.6728515625,13774.353515625,-662.31396484375,2120.9990234375
945,12521.91015625,13711.181640625,-454.428619384766,850.767578125
950,12536.294921875,13990.9140625,-299.016967773438,611.055236816406
965,12548.3359375,14324.5390625,-201.724243164062,495.08740234375
975,12546.46875,13681.859375,-612.419189453125,1591.3134765625
985,12445.458984375,14249.11328125,-157.721801757812,502.978820800781
1001,12542.3740234375,14185.041015625,-59.9735107421875,512.896362304688
1003,12409.6962890625,13921.0830078125,-461.0771484375,844.201782226562
1005,12497.259765625,14105.33984375,-147.369750976562,534.589782714844
1008,12306.154296875,14101.5419921875,-305.810180664062,705.919067382812
1009,12533.474609375,13959.419921875,-558.76416015625,1215.43969726562
1016,12876.8369140625,14224.1513671875,-87.6207275390625,451.271911621094
1017,12324.927734375,14143.0078125,-276.12548828125,724.77197265625
1020,12365.515625,14140.607421875,-524.406127929688,1605.53051757812
1026,12471.494140625,14191.9248046875,-381.40478515625,768.249572753906
1041,12585.8798828125,13748.306640625,-395.137451171875,998.034912109375
1041,12580.55859375,13783.185546875,-460.56884765625,1442.31286621094
1047,12506.87109375,13576.55859375,-125.380493164062,592.748718261719
1061,12212.6455078125,9173.994140625,-81.3824462890625,479.12744140625
1061,12546.8310546875,13868.8779296875,-385.886962890625,749.939392089844
1066,12404.291015625,14451.2578125,-129.22900390625,394.683166503906
1066,12569.638671875,14175.9658203125,-707.723876953125,1829.78283691406
1068,12445.951171875,14342.26171875,-72.0948486328125,417.816986083984
1070,12456.41796875,13988.23828125,-714.420654296875,2581.15087890625
1090,12567.6357421875,14017.7109375,-47.7545166015625,542.975891113281
1122,14781.724609375,14450.146484375,-194.666259765625,988.195434570312
1124,13288.59375,14262.056640625,899.804809570312,1685.48413085938
1136,12375.0693359375,14453.560546875,-71.3282470703125,474.428497314453
1146,12378.521484375,13928.271484375,-676.31689453125,1614.30444335938
1151,12668.083984375,14026.5712890625,-78.249267578125,519.645751953125
1158,12492.443359375,14508.431640625,-140.713989257812,411.884216308594
1158,12596.6328125,14956.458984375,-565.145385742188,1240.52233886719
1172,12831.9580078125,14116.033203125,-84.1220703125,573.88525390625
1179,12533.6875,13690.5654296875,-630.047119140625,1183.59155273438
1180,12589.6337890625,13643.1826171875,-148.652099609375,515.266845703125
1181,12449.5703125,13895.3671875,-461.268798828125,868.037292480469
1181,12464.2490234375,13863.4267578125,-556.396484375,1288.87487792969
1183,12687.400390625,13973.0771484375,-461.473052978516,920.783569335938
1184,12541.9521484375,13603.3701171875,-138.510620117188,443.236724853516
1194,12053.359375,8107.24169921875,-339.740234375,888.883605957031
1195,12021.03515625,7938.2099609375,-44.07470703125,542.560791015625
1196,12077.4296875,7951.5087890625,-142.172973632812,520.934997558594
1197,12046.521484375,8133.00830078125,-365.723022460938,966.81103515625
1197,12057.50390625,8119.9921875,-325.796630859375,848.156982421875
1198,12106.51171875,8250.087890625,-341.294555664062,898.526062011719
1198,12385.6015625,13517.5341796875,-111.277465820312,553.770080566406
1199,12044.005859375,8024.451171875,-241.741333007812,648.008178710938
1199,12487.5966796875,13559.103515625,-164.524658203125,498.281372070312
1201,12973.9169921875,13670.220703125,-199.796020507812,483.511199951172
1205,12798.40234375,13709.4619140625,-357.2021484375,610.27880859375
1206,12604.96875,13858.79296875,-361.58935546875,650.898681640625
1210,12522.8203125,14461.439453125,-169.763061523438,465.094360351562
1227,12338.146484375,14028.916015625,-623.72705078125,1075.95471191406
1241,12524.48828125,13991.248046875,-596.363525390625,1101.66845703125
1256,12036.4833984375,13263.736328125,-643.750732421875,2197.421875
1262,13513.615234375,14502.3427734375,79.9945678710938,587.439758300781
1263,13764.4775390625,14731.8642578125,362.768310546875,1182.0751953125
1264,13970.4013671875,14990.275390625,130.441955566406,1148.56323242188
1265,13816.630859375,14829.623046875,74.5573120117188,1113.4287109375
1266,13859.978515625,14842.65625,512.403686523438,1276.39270019531
1268,13891.0361328125,15002.55078125,353.834045410156,1034.44470214844
1269,14023.4921875,14859.3603515625,453.264068603516,1312.65979003906
1270,14186.818359375,15185.744140625,67.4561157226562,795.852355957031
1271,14148.7421875,15071.5908203125,93.2258911132812,1290.65710449219
1272,14163.4921875,15126.27734375,269.625854492188,908.311462402344
1273,14296.896484375,15194.28515625,-80.81103515625,602.989685058594
1274,14273.791015625,15088.48828125,238.010208129883,1150.45715332031
1278,14394.3642578125,14960.486328125,-63.3197021484375,760.805236816406
1280,14176.916015625,15097.517578125,-71.0545654296875,1188.76123046875
1281,14270.2880859375,15182.30859375,-20.2860107421875,863.492126464844
1285,14668.373046875,15162.236328125,12.3929443359375,1188.55932617188
1286,14788.9375,15218.1328125,-1.63507080078125,1956.03894042969
1288,14526.509765625,15346.72265625,-30.48583984375,1258.62194824219
1289,14397.736328125,15183.595703125,-126.178344726562,457.798400878906
1291,14411.92578125,15212.75390625,-71.7198486328125,1750.84643554688
1292,14187.12109375,14996.77734375,81.9305419921875,874.403076171875
1293,14168.3056640625,15088.6533203125,24.6936645507812,1523.04040527344
1294,14189.1416015625,14896.3876953125,21.7788696289062,879.033630371094
1295,14254.09375,14935.1875,51.8590698242188,1109.9443359375
1296,14306.103515625,14866.93359375,252.898681640625,689.256469726562
1297,14323.01953125,14959.111328125,-48.123291015625,545.1826171875
1298,14297.560546875,15187.0986328125,5.807861328125,1624.68151855469
1299,14801.1669921875,15118.53125,353.265869140625,1872.021484375
1300,14930.369140625,15191.27734375,-73.7022705078125,1301.11840820312
1301,14943.412109375,14527.63671875,-53.351318359375,669.261413574219
1302,14387.98828125,14146.12109375,-134.001708984375,838.099487304688
1303,14708.6669921875,14275.123046875,259.970275878906,1287.98706054688
1304,14660.7021484375,14527.453125,226.1796875,1334.34851074219
1305,12655.3037109375,14524.5703125,-65.254150390625,498.482543945312
1305,14665.716796875,14590.541015625,295.332702636719,1638.60632324219
1306,12953.36328125,13854.1298828125,-163.660522460938,441.020294189453
1306,14696.296875,14588.546875,230.77294921875,1570.876953125
1307,14675.404296875,14578.279296875,80.5608520507812,1440.521484375
1308,14707.259765625,14575.86328125,178.518920898438,1428.38720703125
1309,12490.4873046875,13924.7958984375,-443.561920166016,1148.931640625
1309,14693.447265625,14552.423828125,201.398681640625,1771.19311523438
1310,14673.1630859375,14567.42578125,106.757080078125,1538.75451660156
1312,14179.91796875,13893.7021484375,97.348876953125,788.674255371094
1314,14297.794921875,13952.1298828125,74.012939453125,934.016418457031
1315,14445.26953125,14482.25,116.941711425781,1081.58813476562
1316,14504.396484375,14822.900390625,586.554443359375,1549.98059082031
1317,13914.4228515625,14616.931640625,979.977233886719,5135.73388671875
1317,13664.47265625,14532.8701171875,253.547241210938,1244.69836425781
1318,13094.103515625,13961.083984375,-260.172119140625,924.99365234375
1320,12898.669921875,14582.48828125,166.81201171875,1059.91455078125
1321,13174.3076171875,14688.3642578125,375.110412597656,2036.68481445312
1322,12841.04296875,14768.806640625,-276.780029296875,1341.50952148438
1323,12840.6640625,14582.4140625,-155.122436523438,881.774963378906
1324,12630.0986328125,14309.1943359375,938.908813476562,1983.63354492188
1324,12619.7255859375,14320.978515625,932.431274414062,1733.09716796875
1325,13068.2177734375,14885.1083984375,-356.4111328125,1079.02661132812
1326,12862.564453125,14576.9443359375,-525.442504882812,1243.40344238281
1327,12841.322265625,14320.796875,-599.764282226562,1950.90905761719
1335,12583.212890625,13567.3154296875,67.6558227539062,623.641967773438
1336,12405.783203125,13307.9638671875,-60.56494140625,495.934753417969
1343,12693.427734375,13358.3740234375,838.964172363281,2087.70654296875
1345,12500.009765625,13379.802734375,-161.708129882812,1053.12915039062
1347,11421.732421875,13346.517578125,-245.748046875,1049.69079589844
1349,11466.623046875,13368.95703125,197.36962890625,833.849792480469
1350,12988.9931640625,13846.126953125,352.991333007812,1047.62609863281
1351,12921.69921875,13879.328125,-165.610961914062,605.529357910156
1352,12970.5625,13917.470703125,256.047485351562,996.960571289062
1357,12532.224609375,14760.658203125,715.822021484375,1378.42736816406
1358,12757.53515625,14534.466796875,908.85791015625,1704.01489257812
1361,14980.94921875,14535.29296875,-89.4620361328125,957.315673828125
1362,14652.9931640625,14238.7255859375,-96.0545654296875,767.655578613281
1363,14904.119140625,14691.2607421875,-24.7967529296875,1495.04431152344
1364,14573.3115234375,15336.240234375,-94.3587646484375,1044.67163085938
1368,14742.12890625,15168.080078125,-50.204833984375,688.290954589844
1369,14766.55859375,15145.8994140625,10.9371337890625,1343.65441894531
1370,14650.3515625,15278.9599609375,-0.7271728515625,1280.03479003906
1371,14478.56640625,15018.2568359375,63.1997680664062,1359.27099609375
1372,14658.9208984375,15188.9794921875,1.1131591796875,1486.11206054688
1373,14645.73828125,14918.34765625,44.5714111328125,1623.38854980469
1374,14746.6796875,14789.720703125,88.9293212890625,815.295227050781
1376,14728.783203125,15252.8828125,-2.7314453125,1261.17700195312
1377,14734.69921875,15451.28125,-129.573974609375,1276.05224609375
1378,14661.04296875,15062.25,68.3596801757812,1579.9609375
1379,14667.421875,15094.05859375,131.676879882812,1568.22106933594
1380,14696.1875,15142.4990234375,72.3871459960938,1821.60363769531
1381,14706.0302734375,15105.515625,70.2283325195312,1494.97790527344
1382,14170.345703125,15137.7255859375,64.0181884765625,797.974243164062
1383,14109.7470703125,14997.0654296875,37.916015625,1202.44763183594
1384,14177.337890625,15131.3828125,250.220504760742,1307.4521484375
1385,14169.7548828125,15190.595703125,152.729125976562,1233.90124511719
1386,12545.140625,14383.4755859375,-233.862670898438,654.066772460938
1386,14160.09375,15131.12890625,139.646728515625,1336.76245117188
1387,14167.416015625,15062.37890625,269.174438476562,1742.74084472656
1388,13969.083984375,14907.470703125,195.690368652344,1149.02978515625
1389,14049.8837890625,14931.705078125,571.132141113281,1718.41296386719
1390,13932.26953125,14623.068359375,251.349975585938,860.140991210938
1391,14108.23828125,14771.140625,71.1724243164062,467.123199462891
1392,12517.4697265625,14267.21875,-350.563232421875,666.678100585938
1392,14168.1494140625,14743.7734375,228.603515625,904.095153808594
1393,14385.3662109375,14841.888671875,124.498291015625,1024.8154296875
1395,14568.2734375,14738.5,189.105163574219,1145.53076171875
1396,14986.9775390625,14481.330078125,214.810012817383,922.323913574219
1397,14460.853515625,15097.7236328125,144.097229003906,1061.63488769531
1399,14634.544921875,14905.40625,86.0214233398438,616.374328613281
1401,12634.345703125,14630.427734375,-86.0341796875,479.349334716797
1401,15238.2998046875,14976.6064453125,-56.9345703125,689.46044921875
1402,12413.56640625,14176.056640625,-379.359741210938,808.462829589844
1402,14955.0390625,14996.677734375,-406.442749023438,1604.60168457031
1403,15076.228515625,14909.5849609375,-421.184173583984,1246.72546386719
1426,12631.7236328125,14120.279296875,-614.659301757812,1507.34997558594
1440,12491.677734375,14033.830078125,-159.83984375,405.160614013672
1448,12804.7109375,13857.0390625,-448.725189208984,1012.48669433594
1465,12597.4501953125,14113.8271484375,-194.461181640625,773.817260742188
1479,11693.6640625,13188.701171875,-143.613891601562,471.314300537109
1481,10753.908203125,12791.9423828125,-67.0611572265625,553.693786621094
1485,13004.5517578125,14016.0927734375,-227.616455078125,756.109191894531
1486,13022.4296875,14014.9892578125,-286.5810546875,872.77978515625
1487,12929.845703125,14068.583984375,-242.429321289062,771.810485839844
1491,13047.94921875,14124.5234375,-237.015869140625,602.73681640625
1492,12936.28125,13987.623046875,-206.2099609375,662.217895507812
1501,12725.798828125,14020.0302734375,-519.169311523438,1545.42126464844
1502,12978.017578125,13994.3046875,-255.11767578125,735.312438964844
1503,12918.8291015625,14000.9140625,-189.777709960938,720.897888183594
1506,13027.091796875,14044.1787109375,-95.8223876953125,907.163513183594
1507,13141.2392578125,14274.751953125,953.843444824219,3667.25244140625
1508,13019.4150390625,14123.97265625,-170.783569335938,800.28955078125
1509,12709.953125,13954.775390625,-696.062377929688,2505.48071289062
1509,12833.71875,14262.90234375,-632.217651367188,1839.03308105469
1510,12897.9931640625,14178.8720703125,-417.890228271484,1165.72875976562
1510,12911.826171875,14460.357421875,-595.044189453125,1751.0380859375
1512,11774.10546875,13474.23046875,-34.3712158203125,464.158874511719
1516,12819.779296875,14280.62109375,-216.515380859375,593.5244140625
1518,12938.3515625,14563.263671875,843.998229980469,1513.06799316406
1519,12281.6005859375,14410.849609375,-60.2313232421875,452.605834960938
1523,12482.9931640625,14428.2236328125,-71.3441162109375,489.277557373047
1527,12809.154296875,14695.259765625,843.241394042969,1533.78356933594
1528,11728.27734375,13297.255859375,53.1481323242188,474.160278320312
1530,12906.1240234375,14034.166015625,-181.195922851562,774.687255859375
1531,12943.5625,13988.7607421875,-231.159057617188,764.479553222656
1533,11939.828125,13683.3447265625,-430.19873046875,918.950317382812
1546,12920.8984375,14430.7919921875,-91.9013671875,534.742492675781
1549,14795.201171875,15114.3935546875,-233.534301757812,494.433044433594
1554,12778.408203125,14243.83984375,-150.60546875,525.135314941406
1567,11797.36328125,13363.69921875,-51.4287109375,567.265686035156
1568,12692.599609375,14617.91015625,-248.023193359375,703.79638671875
1570,12216.3388671875,14447.7158203125,-151.401000976562,442.893951416016
1572,12547.984375,14532.5966796875,-128.329345703125,641.975769042969
1584,12571.876953125,14530.0576171875,-71.0018310546875,509.209625244141
1585,11639.853515625,13381.4833984375,45.0778198242188,443.099761962891
1586,12905.482421875,14449.8125,53.9074096679688,512.393737792969
1587,12614.3125,14235.4873046875,34.1585693359375,535.978698730469
1596,12553.4580078125,14341.83203125,163.826354980469,586.310180664062
1637,12499.66015625,14483.9150390625,-141.263305664062,447.37890625
1638,12541.958984375,14343.1455078125,-72.510986328125,465.053619384766
1653,12380.416015625,13600.853515625,-41.7076416015625,444.083953857422
1657,12932.76171875,14096.8369140625,-223.492919921875,655.6728515625
1658,12902.1962890625,14051.857421875,-182.482421875,981.79150390625
1659,12972.005859375,14080.28125,-264.409301757812,850.670104980469
1661,12928.8427734375,13993.3671875,-6.19891357421875,813.156677246094
1662,12930.1123046875,13974.8583984375,56.5846557617188,613.551086425781
1663,11830.4189453125,13470.201171875,-97.5313720703125,431.774719238281
1664,12915.421875,14021.6552734375,-84.21630859375,696.919921875
1665,12923.388671875,14028.6728515625,93.4263916015625,850.933776855469
1666,12786.06640625,14107.375,-349.903442382812,1073.92590332031
1668,12917.27734375,13976.587890625,-156.305297851562,947.17529296875
1669,12953.13671875,14044.236328125,-89.4285888671875,572.392456054688
1670,12893.4814453125,14016.0556640625,225.618850708008,661.299011230469
1671,12919.595703125,14065.322265625,-93.9306640625,590.785278320312
1672,12857.9931640625,14009.853515625,-242.390625,1064.53576660156
1673,12888.6669921875,13991.6015625,-95.356689453125,678.964599609375
1674,12885.615234375,13987.7158203125,-75.2125244140625,697.732299804688
1675,12921.484375,14050.400390625,-65.9122314453125,929.416870117188
1676,12967.5595703125,13933.2626953125,60.1355590820312,593.364013671875
1677,12876.3662109375,14010.390625,-13.7158813476562,544.015930175781
1678,12886.240234375,13911.8173828125,-289.585571289062,938.062744140625
1680,12931.390625,14036.359375,-177.484375,669.930297851562
1682,11290.9609375,10986.349609375,877.657348632812,2646.09008789062
1682,11292.10546875,10995.755859375,889.758911132812,2948.18823242188
1682,12886.390625,14086.1376953125,-177.907592773438,795.215393066406
1683,11318.3388671875,10863.806640625,220.731491088867,1303.93249511719
1683,12853.67578125,14080.2841796875,-354.1708984375,1268.07360839844
1684,11257.6455078125,11563.2373046875,197.821899414062,695.632507324219
1684,12875.7763671875,14115.712890625,-345.005981445312,1058.01782226562
1685,11323.408203125,11671.435546875,247.168014526367,1204.86462402344
1685,11766.8740234375,13599.9892578125,-338.320678710938,762.39013671875
1685,12903.03125,13935.666015625,-119.985107421875,662.3701171875
1686,11423.087890625,11657.396484375,448.206146240234,1373.49816894531
1686,12820.814453125,14112.302734375,-418.044921875,1147.31225585938
1687,11209.841796875,11627.41015625,372.791748046875,1455.26501464844
1687,12925.861328125,13982.515625,-67.413818359375,783.455261230469
1688,11277.48046875,11600.0625,165.747192382812,1233.09716796875
1688,12823.9267578125,14184.9169921875,-466.451568603516,1131.25476074219
1689,11279.666015625,11434.8916015625,229.106246948242,796.251098632812
1689,11806.01171875,13340.625,26.5447387695312,489.491912841797
1689,12814.8359375,14026.8984375,-178.212158203125,1002.32385253906
1689,12805.6845703125,14150.73046875,-394.933837890625,1557.76330566406
1690,12880.46484375,13971.6259765625,-172.61962890625,712.137268066406
1691,12841.8994140625,14128.99609375,-334.180053710938,1035.56115722656
1691,12862.8271484375,14142.7646484375,-253.7626953125,817.477233886719
1692,12832.6640625,14082.125,-45.2027587890625,564.310241699219
1693,11369.1708984375,10757.30859375,95.0784301757812,721.843017578125
1693,12887.435546875,14164.732421875,-220.504516601562,809.324035644531
1694,12920.3046875,13945.98046875,-28.4857177734375,708.452209472656
1695,11805.4375,13408.6533203125,-55.1280517578125,483.695922851562
1695,12893.8369140625,14266.8203125,-361.100341796875,746.373596191406
1696,12861.7626953125,14114.2099609375,-238.033569335938,1049.63916015625
1697,12900.26171875,14025.8388671875,-117.144287109375,535.624328613281
1698,11723.2119140625,13354.25,50.4466552734375,692.055358886719
1698,12828.62109375,14054.09765625,-278.246948242188,847.627685546875
1699,12513.1396484375,14048.822265625,-387.590209960938,1095.51879882812
1704,12098.0517578125,11037.8896484375,242.44580078125,766.902160644531
1704,12680.39453125,8598.9560546875,44.6348876953125,450.539398193359
1705,12688.2041015625,8722.640625,-235.014282226562,573.852172851562
1706,12330,10709.78515625,586.653076171875,1098.07165527344
1708,11699.322265625,13348.490234375,-28.3873291015625,505.644897460938
1708,12783.57421875,8530.8671875,-73.6312255859375,426.316253662109
1709,11757.6796875,13341.431640625,-21.9246826171875,570.838623046875
1711,11702.8115234375,13342.09375,76.7362060546875,578.114013671875
1712,11681.884765625,13360.7763671875,151.437194824219,574.836547851562
1712,12720.2578125,8494.7861328125,-94.484619140625,594.488037109375
1714,11797.357421875,13494.974609375,-93.931640625,501.152130126953
1715,12757.0556640625,8518.841796875,-37.44921875,607.750793457031
1717,11760.447265625,13338.302734375,58.5288696289062,513.032409667969
1718,11787.580078125,13427.46484375,46.9303588867188,478.9501953125
1725,11857.001953125,13476.84765625,654.495971679688,915.942077636719
1726,12652.341796875,8784.5732421875,-291.845703125,608.77490234375
1727,11757.2470703125,13428.9296875,-104.315795898438,435.234710693359
1728,11777.7353515625,13419.794921875,354.342468261719,757.84619140625
1728,12760.427734375,8590.623046875,-99.91650390625,410.192413330078
1729,11746.4462890625,13397.0908203125,124.242248535156,594.138061523438
1730,11730.873046875,13357.94921875,39.5928955078125,642.409301757812
1732,11685.3330078125,13432.7978515625,14.3975219726562,553.594177246094
1733,11751.86328125,13416.2607421875,31.6390380859375,535.781433105469
1735,11783.5458984375,13486.09375,-250.24365234375,536.994750976562
1736,11776.759765625,13395.865234375,-137.779418945312,452.83447265625
1743,11880.8046875,13423.517578125,-93.1717529296875,456.298706054688
1743,12096.677734375,13838.9404296875,-773.2392578125,1974.14245605469
1745,11757.68359375,13376.755859375,56.8857421875,667.249938964844
1747,11749.443359375,13383.2666015625,86.7557983398438,619.86865234375
1749,11326.9580078125,11902.03515625,725.284790039062,1150.35852050781
1749,11324.8544921875,11901.947265625,733.648681640625,1231.05725097656
1749,11766.4462890625,13383.740234375,21.2527465820312,561.101989746094
1750,12180.0185546875,12405.87890625,-100.8994140625,507.3369140625
1751,12071.3681640625,12133.5205078125,206.626953125,885.668029785156
1762,12726.4375,14292.65625,-93.725830078125,578.8388671875
1763,12612.3740234375,14313.8974609375,-386.902709960938,744.930847167969
1771,11708.9267578125,12233.3193359375,111.293395996094,621.139465332031
1772,11620.8583984375,12229.19921875,771.075805664062,1588.64184570312
1773,11315.3203125,12115.5,-13.319091796875,616.31005859375
1776,11821.92578125,13367.7734375,-87.8985595703125,457.899658203125
1777,12399.8974609375,12845.7412109375,53.7598266601562,1120.21228027344
1778,12513.861328125,13145.6005859375,-463.122161865234,1499.32043457031
1778,12528.78125,13172.5009765625,-526.51708984375,1868.5
1779,11773.2177734375,13335.49609375,25.8325805664062,544.675964355469
1780,11854.873046875,13439.37109375,676.917358398438,1127.74328613281
1781,11721.087890625,13326.2197265625,73.9469604492188,525.494995117188
1785,11809.90625,13311.787109375,21.8755493164062,494.748291015625
1793,11778.501953125,13409.0830078125,18.34326171875,587.544616699219
1794,11778.69921875,13299.1259765625,-46.0482177734375,453.019073486328
1795,11690.9658203125,13284.9521484375,-16.1809692382812,444.013885498047
1799,12767.4013671875,14291.9189453125,-446.409423828125,766.042785644531
1801,11804.03125,13356.7392578125,129.2158203125,568.775390625
1806,11665.3525390625,13293.8203125,-63.811767578125,573.984985351562
1822,11852.2119140625,13438.3515625,22.017333984375,464.378814697266
1823,11755.65625,13348.890625,-82.7957763671875,545.357360839844
1832,12624.8916015625,14247.8271484375,-93.5985107421875,467.947937011719
1833,12812.0498046875,14264.466796875,86.9078369140625,558.100402832031
1844,12495.32421875,14314.033203125,-74.3455810546875,673.209533691406
1845,11633.1259765625,13344.3447265625,-58.150634765625,463.681610107422
1851,11818.0361328125,13513.63671875,-241.064331054688,556.599304199219
1852,11803.7197265625,13412.08984375,-63.203857421875,751.624633789062
1853,11757.994140625,13323.275390625,33.2313232421875,534.458618164062
1856,11775.392578125,13373.8916015625,26.1163330078125,474.609527587891
1880,11788.0908203125,13380.03125,-79.71875,458.621490478516
1882,11830.279296875,13391.15234375,-45.0555419921875,550.040100097656
1883,11804.96875,13435.8515625,-123.124389648438,541.427978515625
1885,11786.5087890625,13342.0107421875,24.8262329101562,474.989562988281
1892,11745.8291015625,13492.69921875,-263.740600585938,501.286987304688
1892,11742.9375,13493.328125,-272.300537109375,517.031677246094
1897,12589.3642578125,13444.873046875,-268.566040039062,520.945678710938
1901,12795.814453125,14563.44921875,620.738342285156,931.667602539062
1902,11769.359375,13437.2373046875,752.333618164062,1069.11828613281
1902,12699.8935546875,14323.68359375,-67.242431640625,513.160888671875
1903,12732.76953125,14284.107421875,-172.723022460938,573.910705566406
1905,12491.650390625,14177.119140625,55.0509643554688,551.784545898438
1917,12502.076171875,13500.314453125,-341.376708984375,619.392150878906
1918,12633.3671875,14585.5654296875,-210.685791015625,579.410400390625
1919,12715.3818359375,14253.16796875,-151.317138671875,511.567352294922
1932,12469.91796875,14643.865234375,-56.8863525390625,453.74462890625
1933,11728.6416015625,13444.0634765625,-217.494384765625,595.725341796875
1936,12789.6796875,13930.1865234375,-375.727905273438,690.885803222656
1936,12780.3212890625,13954.0390625,-373.396606445312,746.910461425781
1940,12594.751953125,13691.03515625,-556.876708984375,1024.62744140625
1943,12440.685546875,13505.26953125,-409.5546875,875.259704589844
1946,12488.0458984375,13725.283203125,-441.556243896484,951.738647460938
1952,12689.9423828125,14249.966796875,-44.1241455078125,511.411285400391
1955,12699.654296875,14531.5146484375,-91.275634765625,471.168365478516
1959,12573.12109375,14546.7978515625,-260.396606445312,552.322204589844
1960,14582.7255859375,14990.892578125,-81.873291015625,378.617492675781
1963,12869.083984375,13903.9453125,-612.712890625,1618.48071289062
1969,12770.8154296875,14531.8154296875,-55.2889404296875,429.854095458984
1972,12694.369140625,14484.76171875,-298.675170898438,555.273681640625
1975,12080.224609375,13729.1171875,-587.577758789062,1250.30883789062
1978,12288.80078125,14361.466796875,-148.6806640625,554.711975097656
1979,12593.9599609375,14557.45703125,-269.309814453125,601.99267578125
1983,12520.5234375,13386.296875,-353.562622070312,613.984313964844
1996,12632.037109375,14252.24609375,49.1868896484375,534.954223632812
1996,12800.673828125,14356.8212890625,779.371337890625,1219.74987792969
1999,12933.298828125,14904.7314453125,904.581237792969,1651.57653808594
2002,12766.677734375,14468.54296875,-395.916870117188,779.549987792969
2004,12773.9208984375,14191.525390625,-148.282470703125,606.898742675781
2013,12704.443359375,14461.2900390625,-68.8480224609375,455.787139892578
2021,12760.427734375,14548.4033203125,-94.6290283203125,568.991455078125
2023,12646.69921875,14516.5634765625,-77.326904296875,479.168701171875
2026,12422.4501953125,13339.7607421875,-147.896850585938,551.070251464844
2032,12453.759765625,13214.1640625,-108.589599609375,391.120513916016
2035,11860.7109375,13399.6337890625,-328.122192382812,637.607238769531
2039,11751.638671875,13336.3916015625,-40.7705078125,572.520080566406
2043,12552.9599609375,14621.673828125,-85.2689208984375,456.309448242188
2052,12428.3056640625,13463.46484375,-369.022583007812,732.834716796875
2054,12134.0283203125,13540.7275390625,-758.193115234375,1729.22998046875
2060,12975.728515625,14375.546875,-45.0460205078125,537.065551757812
2063,12840.2353515625,14510.244140625,-80.046875,490.850555419922
2066,12795.478515625,14085.232421875,-585.487548828125,1242.83349609375
2071,12668.759765625,14162.53515625,-347.102416992188,660.638366699219
2075,12605.099609375,14295.166015625,-536.422729492188,1133.35913085938
2077,12448.681640625,13588.451171875,-496.641204833984,935.599365234375
2079,12649.1416015625,14193.634765625,-301.952514648438,694.774963378906
2080,12481.6123046875,14285.0830078125,61.2539672851562,554.310119628906
2083,12921.37109375,14524.796875,904.2080078125,1997.96801757812
2084,13036.990234375,14422.708984375,-318.643676757812,650.183227539062
2089,12635.791015625,14262.6025390625,-384.817749023438,703.496887207031
2092,13021.9326171875,14596.3828125,-776.851684570312,2059.75073242188
2093,11794.84375,13289.40625,-138.36279296875,441.218231201172
2093,12322.0234375,14391.146484375,22.1069946289062,450.601440429688
2098,12635.935546875,14316.49609375,-509.117919921875,932.510681152344
2104,11715.7421875,13285.6455078125,-69.65576171875,417.948028564453
2106,12772.7626953125,14434.703125,822.491394042969,1336.54736328125
2111,12450.6884765625,14172.556640625,-168.29248046875,514.918212890625
2119,12695.046875,14514.31640625,-154.21875,511.583343505859
2124,11751.0078125,13447.1962890625,-132.31640625,387.443695068359
2127,11766.8837890625,13293.3388671875,-68.69091796875,400.735809326172
2129,13085.634765625,14141.78125,-135.997314453125,459.697509765625
2134,12734.6337890625,14483.560546875,-88.067626953125,539.679931640625
2139,11747.17578125,13495.4296875,-129.244995117188,429.140319824219
2143,11735.9677734375,13376.51953125,43.8931884765625,518.541870117188
2146,12213.7880859375,14164.2138671875,-142.891967773438,389.862518310547
2146,12415.4345703125,13346.630859375,-175.452392578125,471.194885253906
2147,11824.6142578125,13715.560546875,-444.036041259766,876.719055175781
2150,11743.4423828125,13510.7138671875,-52.8748779296875,528.273803710938
2156,12410.1669921875,14641.1474609375,-141.53369140625,630.363586425781
2161,11808.3974609375,13309.7373046875,-151.60888671875,446.256805419922
2163,11822.001953125,13556.578125,-354.503295898438,664.330322265625
2163,12413.611328125,14222.6806640625,43.1832275390625,500.457000732422
2164,11815.568359375,13353.171875,5.64544677734375,556.169738769531
2171,12879.3828125,14394.79296875,958.861145019531,1935.11437988281
2173,11725.501953125,13277.630859375,-142.904296875,578.967956542969
2175,11809.4912109375,13343.0908203125,130.734069824219,538.15576171875
2176,11702.9765625,13400.30859375,-47.18310546875,391.654968261719
2181,11648.7216796875,13254.142578125,-70.0009765625,431.787170410156
2187,11720.697265625,13371.18359375,-139.212280273438,497.401702880859
2189,11783.078125,13148.7451171875,-15.6135864257812,501.843902587891
2190,11860.52734375,13247.15625,13.6801147460938,555.460021972656
2190,12734.9794921875,14451.9677734375,832.399719238281,1327.7392578125
2193,11746.2939453125,13344.30859375,180.553771972656,620.759155273438
2193,12445.4609375,14354.892578125,34.78369140625,490.793060302734
2194,11748.505859375,13285.505859375,2.7333984375,558.179016113281
2197,12546.36328125,14271.9736328125,50.6968383789062,456.467651367188
2198,11671.748046875,13362.83203125,-59.517822265625,516.707092285156
2199,11820.755859375,13320.08203125,33.8746337890625,450.758697509766
2202,11756.9443359375,13404.93359375,157.246704101562,574.212341308594
2203,11694.3125,13282.0107421875,-76.263916015625,507.55517578125
2204,11816.650390625,13397.2890625,5.446533203125,534.744201660156
2208,12528.654296875,14341.56640625,-313.757568359375,794.428161621094
2208,12511.677734375,14473.4287109375,-273.38427734375,608.21044921875
2211,12623.0126953125,14237.66015625,-170.54931640625,709.776672363281
2217,11671.2021484375,13205.7119140625,-82.830322265625,429.443603515625
2219,12257.0498046875,14323.6025390625,-136.1591796875,432.006225585938
2221,11806.1484375,13238.2900390625,-51.6741943359375,453.983612060547
2224,12390.830078125,14377.7841796875,-72.9764404296875,425.559478759766
2233,12871.3681640625,14419.3955078125,836.773071289062,1525.44299316406
2282,12642.705078125,14234.962890625,-274.614501953125,575.960998535156
2284,12612.435546875,14370.3896484375,-371.33642578125,698.860168457031
2286,12874.5263671875,14504.5791015625,-63.217529296875,628.983520507812
2301,12717.044921875,14496.8828125,-161.282836914062,575.356689453125
2302,12597.525390625,14687.435546875,-59.749267578125,427.518707275391
2304,12699.22265625,14543.7255859375,-150.575805664062,560.676574707031
2305,11853.1552734375,13553.9755859375,-336.031494140625,600.951293945312
2308,12784.4638671875,9673.412109375,-89.4080810546875,427.6005859375
2315,12801.7763671875,9556.6787109375,-231.958251953125,449.453521728516
2393,12570.33203125,14806.5146484375,152.94189453125,512.832885742188
2394,12717.8720703125,14806.2880859375,-65.9669189453125,548.922302246094
2399,12814.1220703125,14493.80859375,-161.859985351562,417.510437011719
2419,11761.193359375,13237.0693359375,-35.6986083984375,412.239532470703
2425,11720.2353515625,13339.6533203125,-54.89599609375,489.722839355469
2430,12735.0859375,14453.015625,-530.034545898438,1024.54724121094
2441,12555.23046875,14521.65234375,-360.234985351562,682.23583984375
2477,11916.380859375,13564.6826171875,-374.866088867188,673.222290039062
2488,11835.46484375,13350.791015625,37.891845703125,422.052185058594
2491,11758.017578125,13536.27734375,-140.218872070312,379.021820068359
2495,13146.146484375,14225.724609375,-58.41357421875,407.284698486328
